{
  "runtimeOptions": {
    "tfm": "net9.0",
    "includedFrameworks": [
      {
        "name": "Microsoft.NETCore.App",
        "version": "9.0.0-rc.1.24431.7"
      }
    ],
    "configProperties": {
      "CSWINRT_ENABLE_DYNAMIC_OBJECTS_SUPPORT": true,
      "CSWINRT_USE_EXCEPTION_RESOURCE_KEYS": false,
      "CSWINRT_ENABLE_DEFAULT_CUSTOM_TYPE_MAPPINGS": true,
      "CSWINRT_ENABLE_ICUSTOMPROPERTYPROVIDER_SUPPORT": true,
      "CSWINRT_ENABLE_IREFERENCE_SUPPORT": true,
      "CSWINRT_ENABLE_IDYNAMICINTERFACECASTABLE": true,
      "MVVMTOOLKIT_ENABLE_INOTIFYPROPERTYCHANGING_SUPPORT": true,
      "Microsoft.Extensions.DependencyInjection.VerifyOpenGenericServiceTrimmability": true,
      "System.ComponentModel.DefaultValueAttribute.IsSupported": false,
      "System.ComponentModel.Design.IDesignerHost.IsSupported": false,
      "System.ComponentModel.TypeConverter.EnableUnsafeBinaryFormatterInDesigntimeLicenseContextSerialization": false,
      "System.ComponentModel.TypeDescriptor.IsComObjectDescriptorSupported": false,
      "System.Diagnostics.Debugger.IsSupported": true,
      "System.Diagnostics.StackTrace.IsSupported": true,
      "System.Diagnostics.Tracing.EventSource.IsSupported": false,
      "System.Globalization.Invariant": false,
      "System.Net.Http.EnableActivityPropagation": false,
      "System.Reflection.Metadata.MetadataUpdater.IsSupported": false,
      "System.Resources.ResourceManager.AllowCustomResourceTypes": false,
      "System.Resources.UseSystemResourceKeys": true,
      "System.Runtime.CompilerServices.RuntimeFeature.IsDynamicCodeSupported": true,
      "System.Runtime.InteropServices.BuiltInComInterop.IsSupported": true,
      "System.Runtime.InteropServices.EnableConsumingManagedCodeFromNativeHosting": false,
      "System.Runtime.InteropServices.EnableCppCLIHostActivation": false,
      "System.Runtime.InteropServices.Marshalling.EnableGeneratedComInterfaceComImportInterop": false,
      "System.Runtime.Serialization.EnableUnsafeBinaryFormatterSerialization": false,
      "System.StartupHookProvider.IsSupported": false,
      "System.Text.Encoding.EnableUnsafeUTF7Encoding": false,
      "System.Text.Json.JsonSerializer.IsReflectionEnabledByDefault": false,
      "System.Threading.Thread.EnableAutoreleasePool": false
    }
  }
}