{
  "Potato": {
    "ResolutionQuality": "Low",
    "ShadowLevel": "DISABLED",
    "TargetFrameRateForInLevel": 60,
    "TargetFrameRateForOthers": 30,
    "ReflectionQuality": "DISABLED",
    "UseDynamicBone": false,
    "UseFXAA": false,
    "GlobalIllumination": "Low",
    "AmbientOcclusion": "OFF",
    "VolumetricLight": "Low",
    "PostFXGrade": "Low",
    "UsePostFX": false,
    "UseHDR": false,
    "UseDistortion": false,
    "LodGrade": 3
  },
  "Very Low": {
    "ResolutionQuality": "Middle",
    "ShadowLevel": "DISABLED",
    "TargetFrameRateForInLevel": 60,
    "TargetFrameRateForOthers": 60,
    "ReflectionQuality": "DISABLED",
    "UseDynamicBone": false,
    "UseFXAA": false,
    "GlobalIllumination": "Low",
    "AmbientOcclusion": "OFF",
    "VolumetricLight": "Medium",
    "PostFXGrade": "Low",
    "UsePostFX": false,
    "UseHDR": false,
    "UseDistortion": false,
    "LodGrade": 3
  },
  "Low": {
    "ResolutionQuality": "Middle",
    "ShadowLevel": "LOW",
    "TargetFrameRateForInLevel": 60,
    "TargetFrameRateForOthers": 60,
    "ReflectionQuality": "DISABLED",
    "UseDynamicBone": false,
    "UseFXAA": false,
    "GlobalIllumination": "Low",
    "AmbientOcclusion": "OFF",
    "VolumetricLight": "Medium",
    "PostFXGrade": "Low",
    "UsePostFX": true,
    "UseHDR": true,
    "UseDistortion": false,
    "LodGrade": 2
  },
  "Medium": {
    "ResolutionQuality": "Middle",
    "ShadowLevel": "MIDDLE",
    "TargetFrameRateForInLevel": 60,
    "TargetFrameRateForOthers": 60,
    "ReflectionQuality": "LOW",
    "UseDynamicBone": true,
    "UseFXAA": false,
    "GlobalIllumination": "Low",
    "AmbientOcclusion": "LOW",
    "VolumetricLight": "High",
    "PostFXGrade": "Low",
    "UsePostFX": true,
    "UseHDR": true,
    "UseDistortion": false,
    "LodGrade": 1
  },
  "High": {
    "ResolutionQuality": "High",
    "ShadowLevel": "HIGH",
    "TargetFrameRateForInLevel": 120,
    "TargetFrameRateForOthers": 120,
    "ReflectionQuality": "HIGH",
    "UseDynamicBone": true,
    "UseFXAA": true,
    "GlobalIllumination": "Low",
    "AmbientOcclusion": "LOW",
    "VolumetricLight": "High",
    "PostFXGrade": "High",
    "UsePostFX": true,
    "UseHDR": true,
    "UseDistortion": true,
    "LodGrade": 1
  },
  "Very High": {
    "ResolutionQuality": "High",
    "ShadowLevel": "ULTRA",
    "TargetFrameRateForInLevel": 360,
    "TargetFrameRateForOthers": 360,
    "ReflectionQuality": "HIGH",
    "UseDynamicBone": true,
    "UseFXAA": true,
    "GlobalIllumination": "High",
    "AmbientOcclusion": "HIGH",
    "VolumetricLight": "High",
    "PostFXGrade": "High",
    "UsePostFX": true,
    "UseHDR": true,
    "UseDistortion": true,
    "LodGrade": 0
  },
  "Teri-Teri Die-surely": {
    "ResolutionQuality": "VHigh",
    "ShadowLevel": "ULTRA",
    "TargetFrameRateForInLevel": 960,
    "TargetFrameRateForOthers": 960,
    "ReflectionQuality": "HIGH",
    "UseDynamicBone": true,
    "UseFXAA": true,
    "GlobalIllumination": "High",
    "AmbientOcclusion": "HIGH",
    "VolumetricLight": "High",
    "PostFXGrade": "High",
    "UsePostFX": true,
    "UseHDR": true,
    "UseDistortion": true,
    "LodGrade": 0
  }
}